INSERT INTO books (title, publish_year, description) VALUES
('The Call of Cthulhu', 1928, 'A story about the awakening of an ancient cosmic entity'),
('At the Mountains of Madness', 1936, 'An Antarctic expedition discovers ancient ruins'),
('The Dunwich Horror', 1929, 'A tale of forbidden knowledge and monstrous offspring'),
('The Shadow over Innsmouth', 1936, 'A man discovers his terrifying ancestral connection'),
('The Colour Out of Space', 1927, 'A meteor brings an unearthly color to a farm'),
('The Whisperer in Darkness', 1931, 'Aliens from Yuggoth make contact with humans'),
('The Dream-Quest of Unknown Kadath', 1943, 'A journey through the dreamlands'),
('The Case of Charles Dexter Ward', 1941, 'A man becomes obsessed with his ancestor''s alchemy'),
('The Haunter of the Dark', 1936, 'A writer investigates a mysterious church'),
('The Rats in the Walls', 1924, 'A man discovers his family''s dark secret'),
('The Shadow Out of Time', 1936, 'A professor experiences time displacement'),
('The Thing on the Doorstep', 1937, 'A tale of body swapping and possession'),
('Herbert West–Reanimator', 1922, 'A scientist experiments with reanimating the dead'),
('Cool Air', 1928, 'A doctor maintains his life through unnatural cold'),
('The Outsider', 1926, 'A mysterious being emerges from a dark castle'),
('Pickman''s Model', 1927, 'An artist paints horrifyingly realistic monsters'),
('The Music of Erich Zann', 1922, 'A musician plays to keep cosmic horrors at bay'),
('The Silver Key', 1929, 'Randolph Carter finds a way back to his childhood'),
('The Strange High House in the Mist', 1931, 'A philosopher visits a mysterious seaside house'),
('The Dreams in the Witch House', 1933, 'A student encounters witchcraft in his dreams'),
('The Statement of Randolph Carter', 1920, 'A survivor recounts a terrifying underground expedition'),
('The Doom That Came to Sarnath', 1920, 'The fall of an ancient city'),
('The Cats of Ulthar', 1920, 'A village learns not to harm cats'),
('The Nameless City', 1921, 'An explorer finds an ancient reptilian city'),
('The Festival', 1925, 'A man participates in a disturbing Yuletide ritual'),
('The Horror at Red Hook', 1927, 'A detective investigates occult activities'),
('The Lurking Fear', 1923, 'A monstrous lineage haunts a decaying mansion'),
('The Unnamable', 1925, 'A creature too horrible to describe'),
('The Other Gods', 1933, 'The gods atop unknown Kadath'),
('The Shunned House', 1937, 'A house with a deadly secret');

INSERT INTO authors (name, birth_date, death_date, gender) VALUES
('H.P. Lovecraft', '1890-08-20', '1937-03-15', 'M'),
('Robert E. Howard', '1906-01-22', '1936-06-11', 'M'),
('Clark Ashton Smith', '1893-01-13', '1961-08-14', 'M'),
('August Derleth', '1909-02-24', '1971-07-04', 'M'),
('Frank Belknap Long', '1901-04-27', '1994-01-03', 'M'),
('Robert Bloch', '1917-04-05', '1994-09-23', 'M'),
('Ramsey Campbell', '1946-01-04', NULL, 'M'),
('Lin Carter', '1930-06-09', '1988-02-07', 'M'),
('Brian Lumley', '1937-12-02', NULL, 'M'),
('Colin Wilson', '1931-06-26', '2013-12-05', 'M'),
('Thomas Ligotti', '1953-07-09', NULL, 'M'),
('William Hope Hodgson', '1877-11-15', '1918-04-17', 'M'),
('Algernon Blackwood', '1869-03-14', '1951-12-10', 'M'),
('Arthur Machen', '1863-03-03', '1947-12-15', 'M'),
('M.R. James', '1862-08-01', '1936-06-12', 'M'),
('Lord Dunsany', '1878-07-24', '1957-10-25', 'M'),
('Ambrose Bierce', '1842-06-24', '1914-01-01', 'M'),
('Robert W. Chambers', '1865-05-26', '1933-12-16', 'M'),
('Edgar Allan Poe', '1809-01-19', '1849-10-07', 'M'),
('Fritz Leiber', '1910-12-24', '1992-09-05', 'M'),
('T.E.D. Klein', '1947-07-15', NULL, 'M'),
('Karl Edward Wagner', '1945-12-12', '1994-10-13', 'M'),
('Charles Stross', '1964-10-18', NULL, 'M'),
('China Miéville', '1972-09-06', NULL, 'M'),
('Neil Gaiman', '1960-11-10', NULL, 'M'),
('Clive Barker', '1952-10-05', NULL, 'M'),
('Stephen King', '1947-09-21', NULL, 'M'),
('Peter Straub', '1943-03-02', '2022-09-04', 'M'),
('Laird Barron', '1970-05-29', NULL, 'M'),
('Thomas Pynchon', '1937-05-08', NULL, 'M');

INSERT INTO locations (name, description, class, country) VALUES
('Arkham', 'A fictional town in Massachusetts with Miskatonic University', 'City', 'USA'),
('Innsmouth', 'A decaying port town with strange inhabitants', 'City', 'USA'),
('Dunwich', 'A remote village with dark secrets', 'City', 'USA'),
('Kingsport', 'A coastal town with dreamlike qualities', 'City', 'USA'),
('R''lyeh', 'A sunken city where Cthulhu lies dreaming', 'Ruins', 'Pacific Ocean'),
('Yuggoth', 'A distant planet at the edge of the solar system', 'Planet', NULL),
('Miskatonic River', 'A river flowing through Arkham', 'Other', 'USA'),
('Plateau of Leng', 'A mysterious and dangerous plateau in Central Asia', 'Mountain', 'Tibet'),
('Ulthar', 'A town where no man may kill a cat', 'City', 'Dreamlands'),
('Kadath', 'A vast mountain in the Dreamlands', 'Mountain', 'Dreamlands'),
('The Nameless City', 'An ancient city beneath the Arabian desert', 'Ruins', 'Saudi Arabia'),
('Exham Priory', 'A cursed ancestral home in England', 'Ruins', 'UK'),
('The Antarctic Ruins', 'Ancient ruins discovered in Antarctica', 'Ruins', 'Antarctica'),
('The Dreamlands', 'A parallel dimension accessible through dreams', 'Other', NULL),
('The Shunned House', 'A haunted house in Providence', 'Other', 'USA'),
('Red Hook', 'A neighborhood in Brooklyn with occult activity', 'City', 'USA'),
('The Vale of Pnath', 'A deep chasm in the Dreamlands', 'Other', 'Dreamlands'),
('The Plateau of Tsang', 'A remote plateau in the Himalayas', 'Mountain', 'Tibet'),
('The Enchanted Wood', 'A magical forest in the Dreamlands', 'Forest', 'Dreamlands'),
('The Lake of Hali', 'A mysterious lake near Carcosa', 'Ocean', 'Dreamlands'),
('Carcosa', 'A mysterious ancient city', 'City', 'Dreamlands'),
('The Cold Waste', 'A frozen desert in the Dreamlands', 'Other', 'Dreamlands'),
('The Underworld', 'A subterranean realm beneath the Dreamlands', 'Other', 'Dreamlands'),
('The Moon', 'The Earth''s moon with hidden secrets', 'Planet', NULL),
('The Abyss', 'A bottomless chasm in the Dreamlands', 'Other', 'Dreamlands'),
('The Cavern of Flame', 'A fiery cavern in the Dreamlands', 'Other', 'Dreamlands'),
('The Tower of Koth', 'A mysterious tower in the Dreamlands', 'Ruins', 'Dreamlands'),
('The Marsh of Dean', 'A dangerous marsh in England', 'Other', 'UK'),
('The Mountains of the Moon', 'Mysterious mountains in Africa', 'Mountain', 'Congo'),
('The Black Gulf', 'A terrifying void in space', 'Other', NULL);

INSERT INTO creatures (name, description, class, habitat) VALUES
('Cthulhu', 'A gigantic entity worshipped by cultists', 'Great Old One', 'Aquatic'),
('Azathoth', 'The blind idiot god at the center of the universe', 'Outer God', 'Space'),
('Nyarlathotep', 'The crawling chaos, messenger of the outer gods', 'Outer God', 'Everywhere'),
('Yog-Sothoth', 'The all-in-one and one-in-all, gate and key', 'Outer God', 'Everywhere'),
('Shub-Niggurath', 'The black goat of the woods with a thousand young', 'Outer God', 'Terrestrial'),
('Dagon', 'A gigantic deep one deity', 'Great Old One', 'Aquatic'),
('Hastur', 'The king in yellow', 'Great Old One', 'Space'),
('Mi-Go', 'Fungus-based extraterrestrials from Yuggoth', 'Elder Thing', 'Space'),
('Deep Ones', 'Amphibious humanoid creatures', 'Deep One', 'Aquatic'),
('Elder Things', 'Ancient star-headed beings', 'Elder Thing', 'Space'),
('Shoggoth', 'Amorphous shapeshifting creatures', 'Other', 'Terrestrial'),
('Ghoul', 'Cannibalistic humanoids', 'Other', 'Soil'),
('Nightgaunt', 'Winged, faceless creatures', 'Other', 'Space'),
('Byakhee', 'Winged servants of Hastur', 'Other', 'Space'),
('Formless Spawn', 'Amorphous creatures of Tsathoggua', 'Other', 'Soil'),
('Dark Young', 'Tree-like offspring of Shub-Niggurath', 'Other', 'Terrestrial'),
('Hound of Tindalos', 'Time-traveling angular creatures', 'Other', 'Everywhere'),
('Chthonian', 'Giant burrowing creatures', 'Other', 'Soil'),
('Star Vampire', 'Invisible, vampiric entities', 'Other', 'Space'),
('Colour Out of Space', 'An alien lifeform of pure color', 'Other', 'Everywhere'),
('Wilbur Whateley', 'Human-deep one hybrid', 'Human', 'Terrestrial'),
('Randolph Carter', 'A dream traveler', 'Human', 'Everywhere'),
('Herbert West', 'A reanimator of the dead', 'Human', 'Terrestrial'),
('Charles Dexter Ward', 'A man obsessed with his ancestor', 'Human', 'Terrestrial'),
('Richard Upton Pickman', 'An artist who paints ghouls', 'Human', 'Terrestrial'),
('Joseph Curwen', 'An 18th-century alchemist', 'Human', 'Terrestrial'),
('Ephraim Waite', 'A body-swapping wizard', 'Human', 'Terrestrial'),
('Keziah Mason', 'A witch who can bend space', 'Human', 'Terrestrial'),
('The Dunwich Horror', 'Wilbur Whateley''s invisible twin', 'Other', 'Terrestrial'),
('The King in Yellow', 'A mysterious figure associated with a play', 'Other', 'Everywhere');

INSERT INTO artefacts (name, description, class) VALUES
('Necronomicon', 'A forbidden book of dark knowledge', 'Tome'),
('Pnakotic Manuscripts', 'Ancient pre-human texts', 'Tome'),
('The King in Yellow', 'A play that drives readers mad', 'Tome'),
('De Vermis Mysteriis', 'A book of ancient mysteries', 'Tome'),
('The R''lyeh Text', 'A book about Cthulhu and R''lyeh', 'Tome'),
('The Silver Key', 'A device to unlock the gates of dream', 'Relic'),
('The Shining Trapezohedron', 'A crystal that summons Nyarlathotep', 'Relic'),
('The Elder Sign', 'A symbol that wards off evil', 'Relic'),
('The Black Stone', 'A monolith with strange carvings', 'Relic'),
('The Voorish Sign', 'A gesture that reveals hidden things', 'Other'),
('The Yellow Sign', 'A symbol associated with Hastur', 'Relic'),
('The Clay Cylinder of Kadatheron', 'An ancient artifact from Kadatheron', 'Relic'),
('The Crystallizer of Dreams', 'A device to crystallize dreams', 'Device'),
('The Mi-Go Brain Cylinder', 'A device to preserve human brains', 'Device'),
('The Shining Tome of Ulthar', 'A book of cat-related magic', 'Tome'),
('The Mask of Alhazred', 'A mask worn by the mad Arab', 'Ornament'),
('The Statue of Cthulhu', 'An idol depicting Cthulhu', 'Ornament'),
('The Dagger of Klarkash-Ton', 'A ritual dagger', 'Relic'),
('The Bell of Ubboth', 'A cursed bell from the Dreamlands', 'Relic'),
('The Lamp of Alhazred', 'A mysterious lamp', 'Device'),
('The Ring of Eibon', 'A magical ring', 'Relic'),
('The Staff of the Priest', 'A staff from ancient Mu', 'Relic'),
('The Seven Cryptical Books of Hsan', 'Ancient Chinese texts', 'Tome'),
('The Black Tome of Alsophocus', 'A book of dark magic', 'Tome'),
('The Zanthu Tablets', 'Stone tablets from Mu', 'Tome'),
('The G''harne Fragments', 'Pre-human writings', 'Tome'),
('The Celaeno Fragments', 'Texts from the library in the stars', 'Tome'),
('The Dhol Chants', 'Ancient Tibetan texts', 'Tome'),
('The Eltdown Shards', 'Prehistoric pottery fragments', 'Relic'),
('The Rubble of Yoth', 'Stones from an ancient city', 'Relic');

INSERT INTO creature_artefact (creature_id, artefact_id, artefact_role) VALUES
(1, 1, 'Worshipped by'),
(1, 5, 'Worshipped by'),
(2, 1, 'Mentioned'),
(3, 7, 'Summoned'),
(3, 1, 'Mentioned'),
(4, 1, 'Mentioned'),
(5, 1, 'Mentioned'),
(6, 1, 'Mentioned'),
(7, 11, 'Bound to'),
(7, 3, 'Worshipped by'),
(8, 14, 'Created'),
(9, 6, 'Owned by'),
(10, 2, 'Created'),
(11, 1, 'Mentioned'),
(12, 1, 'Mentioned'),
(13, 1, 'Mentioned'),
(14, 3, 'Summoned'),
(15, 12, 'Bound to'),
(16, 5, 'Worshipped by'),
(17, 1, 'Mentioned'),
(18, 1, 'Mentioned'),
(19, 1, 'Mentioned'),
(20, 1, 'Mentioned'),
(21, 1, 'Mentioned'),
(22, 6, 'Owned by'),
(23, 1, 'Mentioned'),
(24, 1, 'Mentioned'),
(25, 1, 'Mentioned'),
(26, 1, 'Mentioned'),
(27, 1, 'Mentioned');

INSERT INTO author_book (author_id, book_id, role) VALUES
(1, 1, 'Author'),
(1, 2, 'Author'),
(1, 3, 'Author'),
(1, 4, 'Author'),
(1, 5, 'Author'),
(1, 6, 'Author'),
(1, 7, 'Author'),
(1, 8, 'Author'),
(1, 9, 'Author'),
(1, 10, 'Author'),
(1, 11, 'Author'),
(1, 12, 'Author'),
(1, 13, 'Author'),
(1, 14, 'Author'),
(1, 15, 'Author'),
(1, 16, 'Author'),
(1, 17, 'Author'),
(1, 18, 'Author'),
(1, 19, 'Author'),
(1, 20, 'Author'),
(2, 1, 'Co-Author'),
(3, 2, 'Editor'),
(4, 3, 'Editor'),
(5, 4, 'Translator'),
(6, 5, 'Illustrator'),
(7, 6, 'Editor'),
(8, 7, 'Translator'),
(9, 8, 'Illustrator'),
(10, 9, 'Editor'),
(11, 10, 'Translator');

INSERT INTO location_book (location_id, book_id, role) VALUES
(1, 1, 'Primary'),
(2, 4, 'Primary'),
(3, 3, 'Primary'),
(4, 15, 'Secondary'),
(5, 1, 'Mentioned'),
(6, 6, 'Primary'),
(7, 1, 'Secondary'),
(8, 2, 'Secondary'),
(9, 23, 'Primary'),
(10, 7, 'Primary'),
(11, 24, 'Primary'),
(12, 8, 'Primary'),
(13, 2, 'Primary'),
(14, 7, 'Primary'),
(15, 29, 'Primary'),
(16, 26, 'Primary'),
(17, 7, 'Secondary'),
(18, 2, 'Mentioned'),
(19, 7, 'Secondary'),
(20, 3, 'Mentioned'),
(21, 3, 'Mentioned'),
(22, 7, 'Secondary'),
(23, 7, 'Secondary'),
(24, 6, 'Secondary'),
(25, 7, 'Secondary'),
(26, 7, 'Secondary'),
(27, 7, 'Secondary'),
(28, 3, 'Secondary'),
(29, 2, 'Mentioned'),
(30, 1, 'Mentioned');

INSERT INTO creature_book (creature_id, book_id, role) VALUES
(1, 1, 'Physical'),
(2, 7, 'Mentioned'),
(3, 6, 'Physical'),
(4, 3, 'Mentioned'),
(5, 5, 'Mentioned'),
(6, 4, 'Physical'),
(7, 3, 'Mentioned'),
(8, 6, 'Physical'),
(9, 4, 'Physical'),
(10, 2, 'Physical'),
(11, 2, 'Physical'),
(12, 10, 'Physical'),
(13, 7, 'Physical'),
(14, 9, 'Physical'),
(15, 7, 'Mentioned'),
(16, 3, 'Mentioned'),
(17, 11, 'Physical'),
(18, 8, 'Mentioned'),
(19, 9, 'Mentioned'),
(20, 5, 'Physical'),
(21, 3, 'Physical'),
(22, 7, 'Observer'),
(23, 13, 'Physical'),
(24, 8, 'Physical'),
(25, 16, 'Physical'),
(26, 8, 'Mentioned'),
(27, 12, 'Physical'),
(28, 20, 'Physical'),
(29, 3, 'Physical'),
(30, 3, 'Mentioned');

INSERT INTO artefact_book (artefact_id, book_id, role) VALUES
(1, 1, 'Mentioned'),
(1, 2, 'Mentioned'),
(1, 3, 'Mentioned'),
(1, 4, 'Mentioned'),
(1, 5, 'Mentioned'),
(2, 2, 'Mentioned'),
(3, 3, 'Full Description'),
(4, 4, 'Mentioned'),
(5, 1, 'Mentioned'),
(6, 7, 'Full Description'),
(7, 9, 'Full Description'),
(8, 1, 'Mentioned'),
(9, 11, 'Full Description'),
(10, 12, 'Mentioned'),
(11, 3, 'Mentioned'),
(12, 7, 'Mentioned'),
(13, 7, 'Mentioned'),
(14, 6, 'Full Description'),
(15, 23, 'Mentioned'),
(16, 9, 'Mentioned'),
(17, 1, 'Mentioned'),
(18, 7, 'Mentioned'),
(19, 7, 'Mentioned'),
(20, 9, 'Mentioned'),
(21, 7, 'Mentioned'),
(22, 2, 'Mentioned'),
(23, 7, 'Mentioned'),
(24, 7, 'Mentioned'),
(25, 2, 'Mentioned'),
(26, 6, 'Mentioned'),
(27, 7, 'Mentioned');
